mse,mae,model
141.91850791859545,6.103857943329408,dnn_model
537.6017566534321,11.159383786849126,cnn_model
310.73767439026835,8.349103317287302,lstm_model
433.9782845901406,10.074948213556436,lstm_cnn_model
142.34481651726549,6.6427588799899375,skip_cnn_lstm_model
